INSERT INTO users (id, name, nickname, email, picture) VALUES (1, 'Anton', 'Cardboard', 'email-anton', '/resources/1.jpg');
INSERT INTO users (id, name, nickname, email, picture) VALUES (2, 'Shegol', 'Dictionary', 'email-evgeny', '/resources/2.jpg');
INSERT INTO users (id, name, nickname, email, picture) VALUES (3, 'Ira', 'Ira', 'email-ira', '/resources/3.jpg');
INSERT INTO users (id, name, picture) VALUES (4, 'Dasha', '/resources/4.jpg');
INSERT INTO users (id, name, nickname, picture) VALUES (5, 'Egor', 'Tyfyak', '/resources/5.jpg');
INSERT INTO users (id, name) VALUES (6, 'Stasik');
INSERT INTO users (id, name, picture) VALUES (7, 'Ivan', '/resources/6.jpg');
INSERT INTO friendships (user1, user2) VALUES (1, 2);
INSERT INTO friendships (user1, user2) VALUES (2, 1);
INSERT INTO friendships (user1, user2) VALUES (1, 5);
INSERT INTO friendships (user1, user2) VALUES (5, 1);
INSERT INTO friendships (user1, user2) VALUES (2, 6);
INSERT INTO friendships (user1, user2) VALUES (6, 2);
INSERT INTO friendships (user1, user2) VALUES (1, 6);
INSERT INTO friendships (user1, user2) VALUES (6, 1);
INSERT INTO friendships (user1, user2) VALUES (5682890006569204571, 1);
INSERT INTO friendships (user1, user2) VALUES (5682890006569204571, 2);
INSERT INTO friendships (user1, user2) VALUES (5682890006569204571, 3);
INSERT INTO friendships (user1, user2) VALUES (5682890006569204571, 4);
INSERT INTO friendships (user1, user2) VALUES (5682890006569204571, 5);
INSERT INTO friendships (user1, user2) VALUES (5682890006569204571, 6);
INSERT INTO friendships (user1, user2) VALUES (5682890006569204571, 7);
INSERT INTO friendships (user1, user2) VALUES (1, 5682890006569204571);
INSERT INTO friendships (user1, user2) VALUES (2, 5682890006569204571);
INSERT INTO friendships (user1, user2) VALUES (3, 5682890006569204571);
INSERT INTO friendships (user1, user2) VALUES (4, 5682890006569204571);
INSERT INTO friendships (user1, user2) VALUES (5, 5682890006569204571);
INSERT INTO friendships (user1, user2) VALUES (6, 5682890006569204571);
INSERT INTO friendships (user1, user2) VALUES (7, 5682890006569204571);

INSERT INTO goods (id, name, description, location) VALUES (1, 'Computer', 'Up-to-date', 'Germany');
INSERT INTO goods (id, name, description, location) VALUES (2, 'Mushrooms', 'Fresh', 'Russia');
INSERT INTO goods (id, name, description, location) VALUES (3, 'Klay', 'Sweet', 'Germany');
INSERT INTO goods (id, name, description, location) VALUES (4, 'Doge', 'So wow', 'Japan');
INSERT INTO goods (id, name, description, location) VALUES (5, 'Cat', 'Talking cat', 'Russia');

INSERT INTO trips (id, dest, departure_date, arrival_date, traveller, capacity) VALUES (6, 'Zimbabve', TO_DATE ('30.10.2014', 'DD.MM.YYYY'), TO_DATE ('01.11.2014', 'DD.MM.YYYY'), 5682890006569204571, 4);
INSERT INTO trips (id, dest, departure_date, arrival_date, traveller, capacity) VALUES (7, 'Livia', TO_DATE ('30.10.2014', 'DD.MM.YYYY'), TO_DATE ('01.11.2014', 'DD.MM.YYYY'), 5682890006569204571, 2);
INSERT INTO trips (id, dest, departure_date, arrival_date, traveller, capacity) VALUES (8, 'Serbia', TO_DATE ('30.10.2014', 'DD.MM.YYYY'), TO_DATE ('01.11.2014', 'DD.MM.YYYY'), 5682890006569204571, 4);
INSERT INTO trips (id, dest, departure_date, arrival_date, traveller, capacity) VALUES (9, 'Chernogoria', TO_DATE ('30.10.2014', 'DD.MM.YYYY'), TO_DATE ('01.11.2014', 'DD.MM.YYYY'), 5682890006569204571, 3);
INSERT INTO trips (id, dest, departure_date, arrival_date, traveller, capacity) VALUES (10, 'Sirya', TO_DATE ('30.10.2014', 'DD.MM.YYYY'), TO_DATE ('01.11.2014', 'DD.MM.YYYY'), 5682890006569204571, 1);
INSERT INTO trips (id, dest, departure_date, arrival_date, traveller, capacity) VALUES (1, 'Germany', TO_DATE ('30.10.2014', 'DD.MM.YYYY'), TO_DATE ('01.11.2014', 'DD.MM.YYYY'), 1, 3);
INSERT INTO trips (id, dest, departure_date, arrival_date, traveller, capacity) VALUES (2, 'Moscow', TO_DATE ('29.10.2014', 'DD.MM.YYYY'), TO_DATE ('30.10.2014', 'DD.MM.YYYY'), 1, 3);
INSERT INTO trips (id, dest, departure_date, arrival_date, traveller, capacity) VALUES (3, 'Kazany', TO_DATE ('28.10.2014', 'DD.MM.YYYY'), TO_DATE ('29.10.2014', 'DD.MM.YYYY'), 1, 3);
INSERT INTO trips (id, dest, departure_date, arrival_date, traveller, capacity) VALUES (4, 'France', TO_DATE ('21.12.2014', 'DD.MM.YYYY'), TO_DATE ('23.12.2014', 'DD.MM.YYYY'), 2, 1);
INSERT INTO trips (id, dest, departure_date, arrival_date, traveller, capacity) VALUES (5, 'France', TO_DATE ('18.12.2014', 'DD.MM.YYYY'), TO_DATE ('21.12.2014', 'DD.MM.YYYY'), 2, 1);
INSERT INTO trips (id, dest, departure_date, traveller, capacity) VALUES (11, 'Moon', TO_DATE ('31.10.2014', 'DD.MM.YYYY'), 5, 2);

INSERT INTO requests (trip, goods, customer, count, max_cost, currency, status) VALUES (6, 1, 2, 8, 1, 'RUR', 'executed');
INSERT INTO requests (trip, goods, customer, count, max_cost, currency, status) VALUES (6, 2, 3, 45, 23, 'USD', 'approved');
INSERT INTO requests (trip, goods, customer, count, max_cost, currency, status) VALUES (6, 3, 4, 3, 32, 'GBP', 'disapproved');
INSERT INTO requests (trip, goods, customer, count, max_cost, currency, status) VALUES (6, 4, 5, 76, 212, 'RUR', 'executed');
INSERT INTO requests (trip, goods, customer, count, max_cost, currency, status) VALUES (6, 5, 6, 3, 123, 'USD', 'executed');
INSERT INTO requests (trip, goods, customer, count, max_cost, currency, status) VALUES (6, 1, 7, 75, 3322, 'JPY', 'approved');
INSERT INTO requests (trip, goods, customer, count, max_cost, currency, status) VALUES (6, 2, 2, 2, 1232, 'GBP', 'executed');
INSERT INTO requests (trip, goods, customer, count, max_cost, currency, status) VALUES (6, 3, 2, 8, 12, 'CNY', 'approved');
INSERT INTO requests (trip, goods, customer, count, max_cost, currency, status) VALUES (7, 2, 3, 45, 32, 'USD', 'executed');
INSERT INTO requests (trip, goods, customer, count, max_cost, currency, status) VALUES (7, 3, 4, 3, 53, 'RUR', 'approved');
INSERT INTO requests (trip, goods, customer, count, max_cost, currency, status) VALUES (7, 4, 5, 76, 934, 'EUR', 'deleted');
INSERT INTO requests (trip, goods, customer, count, max_cost, currency, status) VALUES (7, 5, 6, 3, 45, 'USD', 'disapproved');
INSERT INTO requests (trip, goods, customer, count, max_cost, currency, status) VALUES (7, 1, 7, 75, 62, 'GBP', 'executed');
INSERT INTO requests (trip, goods, customer, count, max_cost, currency, status) VALUES (7, 2, 2, 2, 75, 'EUR', 'approved');
INSERT INTO requests (trip, goods, customer, count, max_cost, currency, status) VALUES (8, 1, 2, 8, 12, 'RUR', 'disapproved');
INSERT INTO requests (trip, goods, customer, count, max_cost, currency, status) VALUES (8, 2, 3, 45, 4, 'EUR', 'executed');
INSERT INTO requests (trip, goods, customer, count, max_cost, currency, status) VALUES (8, 3, 4, 3, 7643, 'EUR', 'disapproved');
INSERT INTO requests (trip, goods, customer, count, max_cost, currency, status) VALUES (8, 4, 5, 76, 23, 'USD', 'approved');
INSERT INTO requests (trip, goods, customer, count, max_cost, currency, status) VALUES (10, 5, 6, 3, 699, 'RUR', 'executed');
INSERT INTO requests (trip, goods, customer, count, max_cost, currency, status) VALUES (10, 1, 7, 75, 23, 'GBP', 'deleted');
INSERT INTO requests (trip, goods, customer, count, max_cost, currency, status) VALUES (10, 2, 2, 2, 65, 'RUR', 'disapproved');
INSERT INTO requests (trip, goods, customer, count, max_cost, currency, status) VALUES (1, 1, 5682890006569204571, 8, 73, 'USD', 'approved');
INSERT INTO requests (trip, goods, customer, count, max_cost, currency, status) VALUES (1, 2, 5682890006569204571, 45, 46, 'CNY', 'executed');
INSERT INTO requests (trip, goods, customer, count, max_cost, currency, status) VALUES (1, 3, 5682890006569204571, 3, 75, 'RUR', 'disapproved');
INSERT INTO requests (trip, goods, customer, count, max_cost, currency, status) VALUES (1, 4, 5682890006569204571, 76, 34, 'EUR', 'approved');
INSERT INTO requests (trip, goods, customer, count, max_cost, currency, status) VALUES (1, 5, 5682890006569204571, 3, 9659, 'GBP', 'approved');
INSERT INTO requests (trip, goods, customer, count, max_cost, currency, status) VALUES (2, 1, 5682890006569204571, 75, 45, 'RUR', 'executed');
INSERT INTO requests (trip, goods, customer, count, max_cost, currency, status) VALUES (2, 2, 5682890006569204571, 2, 34, 'JPY', 'disapproved');
INSERT INTO requests (trip, goods, customer, count, max_cost, currency, status) VALUES (2, 3, 5682890006569204571, 34, 5, 'USD', 'deleted');
INSERT INTO requests (trip, goods, customer, count, max_cost, currency, status) VALUES (4, 4, 2, 1, 9999, 'UAH', 'approved');
INSERT INTO requests (trip, goods, customer, count, max_cost, currency, status) VALUES (5, 4, 2, 1, 9999, 'UAH', 'executed');

INSERT INTO snetworks (user_id, network_type, page, PROVIDER_USER_ID) VALUES (1, 1, 'pgg', '123');
INSERT INTO snetworks (user_id, network_type, page, PROVIDER_USER_ID) VALUES (2, 1, 'asd', '234');
INSERT INTO snetworks (user_id, network_type, page, PROVIDER_USER_ID) VALUES (3, 1, 'qwe', '345');
INSERT INTO snetworks (user_id, network_type, page, PROVIDER_USER_ID) VALUES (4, 1, 'fft', '456');
INSERT INTO snetworks (user_id, network_type, page, PROVIDER_USER_ID) VALUES (5, 1, 'gas', '567');
INSERT INTO snetworks (user_id, network_type, page, PROVIDER_USER_ID) VALUES (6, 1, 'eye', '678');
INSERT INTO snetworks (user_id, network_type, page, PROVIDER_USER_ID) VALUES (7, 1, 'put', '789');